"time (s)",G*,G*,G*,G',G',G',"G""","G""","G""",LT,LT,LT
2.113,,,,,,,,,,,,
4.113,,,,,,,,,,,,
6.113,,,,,,,,,,,,
8.113,92.42,19.96,39.72,81.61,18.13,38.76,43.38,8.36,8.66,0.436122744,,
10.110,92.57,20.02,39.91,82.49,18.33,39.11,42.00,8.04,7.96,0.414485814,,
12.110,92.93,20.09,40.06,83.42,18.53,39.30,40.96,7.77,7.78,0.400021239,,
14.110,93.02,20.16,40.17,83.50,18.61,39.43,41.00,7.75,7.69,0.398777731,,
16.110,93.11,20.23,40.28,83.60,18.69,39.55,41.00,7.74,7.62,0.397327975,,
18.110,93.22,20.30,40.36,83.76,18.79,39.65,40.93,7.69,7.57,0.395091421,,
20.110,93.29,20.34,40.44,83.81,18.81,39.73,40.99,7.74,7.52,0.395145767,,
22.110,93.39,20.38,40.50,83.92,18.85,39.80,40.97,7.75,7.50,0.394318580,,
24.110,93.47,20.45,40.55,84.00,18.93,39.86,41.00,7.74,7.47,0.393634008,,
26.110,93.56,20.50,40.59,84.08,18.98,39.91,41.04,7.73,7.42,0.393026509,,
28.110,93.65,20.55,40.63,84.19,19.05,39.95,41.03,7.70,7.43,0.392227111,,
30.110,93.78,20.60,40.69,84.37,19.12,40.01,40.95,7.69,7.38,0.390390244,,
32.110,93.84,20.64,40.73,84.40,19.16,40.06,41.01,7.66,7.36,0.390112798,,
34.110,93.92,20.69,40.78,84.50,19.22,40.11,40.99,7.64,7.34,0.389133004,,
36.110,93.99,20.72,40.83,84.58,19.27,40.17,40.99,7.64,7.30,0.388314123,,
38.110,94.09,20.76,40.88,84.71,19.31,40.22,40.95,7.63,7.29,0.387298946,,
40.110,94.12,20.79,40.95,84.71,19.35,40.30,41.03,7.60,7.26,0.387115544,,
42.110,94.20,20.83,41.00,84.79,19.39,40.36,41.05,7.60,7.19,0.386363636,,
44.110,94.27,20.89,41.03,84.86,19.46,40.40,41.05,7.58,7.16,0.385489221,,
46.110,94.37,20.92,41.04,84.99,19.50,40.41,41.00,7.58,7.16,0.384651484,,
48.110,94.43,20.97,41.05,85.05,19.55,40.42,41.03,7.58,7.14,0.384450421,,
50.110,94.52,20.98,41.07,85.16,19.56,40.45,41.00,7.59,7.08,0.383446993,,
52.110,94.57,21.00,41.10,85.19,19.59,40.50,41.05,7.58,7.04,0.383163546,,
54.110,94.63,21.04,41.12,85.28,19.63,40.50,41.02,7.56,7.09,0.382827866,,
56.110,94.70,21.08,41.14,85.36,19.69,40.53,41.01,7.52,7.09,0.382092320,,
58.110,94.76,21.11,41.18,85.41,19.72,40.57,41.03,7.52,7.10,0.381914894,,
60.110,94.84,21.13,41.20,85.49,19.76,40.59,41.05,7.50,7.06,0.381335710,,
62.110,94.87,21.17,41.19,85.50,19.79,40.58,41.11,7.52,7.05,0.381675464,,
64.110,94.97,21.20,41.17,85.66,19.81,40.55,41.02,7.56,7.07,0.381119025,,
66.110,95.02,21.24,41.16,85.69,19.86,40.55,41.06,7.53,7.06,0.380876112,,
68.110,95.10,21.27,41.21,85.78,19.90,40.60,41.06,7.50,7.01,0.379908395,,
70.110,95.14,21.30,41.22,85.80,19.93,40.62,41.10,7.51,7.01,0.380040998,,
72.110,95.24,21.33,41.24,85.95,19.98,40.64,41.03,7.49,7.02,0.378931569,,
74.110,95.28,21.36,41.27,85.97,20.01,40.68,41.09,7.48,6.95,0.378535388,,
76.110,95.33,21.40,41.26,86.00,20.05,40.67,41.11,7.48,6.95,0.378510087,,
78.110,95.38,21.44,41.25,86.07,20.10,40.66,41.11,7.46,6.94,0.378090309,,
80.110,95.42,21.46,41.23,86.10,20.11,40.64,41.13,7.50,6.95,0.378454205,,
82.110,95.49,21.49,41.23,86.17,20.14,40.65,41.15,7.50,6.89,0.377864725,,
84.110,95.55,21.51,41.24,86.24,20.16,40.66,41.13,7.50,6.89,0.377532980,,
86.110,95.60,21.54,41.25,86.28,20.20,40.67,41.17,7.48,6.88,0.377342847,,
88.110,95.66,21.58,41.25,86.36,20.25,40.68,41.14,7.47,6.83,0.376434245,,
90.110,95.71,21.60,41.19,86.40,20.27,40.62,41.17,7.47,6.80,0.376359563,,
92.110,95.76,21.63,41.16,86.45,20.30,40.60,41.18,7.46,6.76,0.375961995,,
94.110,95.80,21.66,41.12,86.48,20.33,40.55,41.21,7.47,6.82,0.376621878,,
96.110,95.85,21.69,41.10,86.55,20.36,40.53,41.18,7.48,6.80,0.376105534,,
98.110,95.89,21.71,41.09,86.59,20.38,40.53,41.19,7.48,6.78,0.375891525,,
100.100,95.95,21.73,41.08,86.66,20.40,40.52,41.17,7.46,6.76,0.375294755,,
102.100,119.00,15.73,25.79,100.00,9.50,20.96,64.41,12.55,15.02,0.705070714,,
104.100,63.58,9.95,6.18,50.14,5.93,3.58,39.09,7.99,5.04,0.873964656,,
106.100,49.20,7.99,4.61,36.14,4.44,2.11,33.38,6.64,4.10,1.033473881,,
108.100,46.85,7.08,3.87,34.81,4.14,1.74,31.35,5.74,3.45,0.996166417,,
110.100,46.53,6.79,4.15,34.50,3.98,1.82,31.21,5.50,3.73,1.003399419,,
112.100,47.19,6.78,4.18,34.88,4.01,1.86,31.78,5.47,3.74,1.006037847,,
114.100,47.11,6.83,4.10,34.91,4.08,1.84,31.63,5.48,3.67,0.998775230,,
116.100,47.12,6.86,4.06,34.97,4.12,1.83,31.58,5.48,3.63,0.994111035,,
118.100,47.13,6.88,4.04,35.03,4.17,1.82,31.53,5.48,3.61,0.990102630,,
120.100,47.14,6.91,4.01,35.07,4.21,1.82,31.49,5.48,3.58,0.986907746,,
122.100,47.15,6.94,3.97,35.12,4.24,1.80,31.46,5.49,3.54,0.983675452,,
124.100,47.14,6.97,3.93,35.14,4.28,1.79,31.42,5.50,3.50,0.981044609,,
126.100,47.14,6.99,3.89,35.17,4.31,1.77,31.39,5.51,3.47,0.978520171,,
128.100,47.15,7.02,3.85,35.20,4.34,1.75,31.37,5.51,3.43,0.976172603,,
130.100,47.17,7.05,3.82,35.24,4.38,1.74,31.35,5.52,3.40,0.973716027,,
132.100,47.18,7.07,3.79,35.27,4.41,1.73,31.34,5.53,3.37,0.971744590,,
134.100,47.20,7.10,3.76,35.30,4.44,1.72,31.33,5.54,3.34,0.969946937,,
136.100,47.22,7.13,3.74,35.34,4.47,1.71,31.32,5.55,3.33,0.968137373,,
138.100,47.24,7.16,3.73,35.37,4.51,1.70,31.31,5.57,3.31,0.966664261,,
140.100,47.26,7.19,3.72,35.41,4.54,1.70,31.30,5.58,3.31,0.965060993,,
142.100,47.28,7.23,3.71,35.44,4.57,1.69,31.30,5.59,3.30,0.963934583,,
144.100,47.30,7.26,3.70,35.46,4.61,1.68,31.30,5.61,3.30,0.963064984,,
146.100,47.32,7.29,3.70,35.50,4.64,1.68,31.29,5.62,3.30,0.961595485,,
148.100,47.34,7.32,3.71,35.53,4.67,1.68,31.29,5.64,3.31,0.960766990,,
150.100,47.36,7.35,3.72,35.56,4.71,1.67,31.28,5.65,3.32,0.959798755,,
152.100,76.68,11.91,3.52,41.57,11.77,2.81,64.43,1.78,2.12,1.216915104,,
154.100,62.84,7.54,2.52,54.14,7.24,2.04,31.91,2.11,1.48,0.559699139,,
156.100,,,,,,,,,,,,
158.100,,,,,,,,,,,,
160.100,,,,,,,,,,,,
162.100,89.03,21.43,41.05,74.98,18.92,39.89,48.00,10.07,9.68,0.506390612,,
164.100,91.89,21.86,42.11,81.64,19.92,41.28,42.18,9.00,8.30,0.416402968,,
166.100,92.23,22.12,42.70,82.24,20.41,42.00,41.73,8.53,7.70,0.400746630,,
168.100,92.38,22.31,43.10,82.42,20.74,42.49,41.73,8.21,7.20,0.392365259,,
170.100,92.67,22.39,43.27,82.76,20.86,42.67,41.70,8.12,7.18,0.389650694,,
172.100,93.05,22.48,43.36,83.23,21.00,42.76,41.60,8.02,7.19,0.386536499,,
174.100,93.31,22.61,43.46,83.54,21.15,42.88,41.56,7.99,7.13,0.384082131,,
176.100,93.64,22.72,43.56,83.97,21.29,42.98,41.43,7.94,7.08,0.380808149,,
178.100,93.84,22.74,43.60,84.21,21.32,43.02,41.42,7.90,7.08,0.379690340,,
180.100,94.00,22.78,43.66,84.39,21.38,43.09,41.42,7.85,7.02,0.378160688,,
182.100,94.22,22.87,43.70,84.66,21.49,43.14,41.35,7.82,6.99,0.376173890,,
184.100,94.41,22.89,43.75,84.90,21.51,43.18,41.30,7.81,7.02,0.375225617,,
186.100,94.51,22.92,43.83,85.00,21.56,43.28,41.32,7.78,6.96,0.374132408,,
188.100,94.67,22.97,43.84,85.20,21.63,43.28,41.28,7.74,7.00,0.373219639,,
190.100,94.84,23.01,43.93,85.41,21.67,43.38,41.24,7.74,6.96,0.371786521,,
192.100,94.95,23.06,44.06,85.53,21.73,43.51,41.23,7.74,6.97,0.371015454,,
194.100,95.01,23.10,44.17,85.58,21.77,43.61,41.26,7.72,7.03,0.371025437,,
196.100,95.10,23.13,44.24,85.67,21.82,43.67,41.28,7.69,7.08,0.370825615,,
198.100,95.23,23.14,44.34,85.83,21.83,43.77,41.24,7.69,7.09,0.369939906,,
200.100,95.31,23.18,44.38,85.92,21.87,43.81,41.25,7.68,7.07,0.369426121,,
202.100,95.40,23.22,44.39,86.03,21.92,43.82,41.24,7.66,7.11,0.369038677,,
204.100,95.48,23.23,44.46,86.12,21.93,43.90,41.24,7.66,7.09,0.368423824,,
206.100,95.55,23.26,44.56,86.19,21.97,43.99,41.24,7.65,7.09,0.367886954,,
208.100,95.66,23.29,44.63,86.32,21.99,44.07,41.21,7.67,7.09,0.367305421,,
210.100,95.70,23.32,44.69,86.36,22.02,44.12,41.24,7.68,7.10,0.367344262,,
212.100,95.78,23.35,44.75,86.46,22.07,44.19,41.21,7.64,7.06,0.366068622,,
214.100,95.88,23.37,44.78,86.56,22.08,44.22,41.23,7.64,7.05,0.365864189,,
216.100,95.91,23.40,44.85,86.58,22.12,44.30,41.25,7.62,7.01,0.365196078,,
218.100,95.98,23.44,44.90,86.67,22.16,44.35,41.24,7.64,7.02,0.364904034,,
220.100,96.07,23.45,44.93,86.78,22.18,44.37,41.22,7.61,7.07,0.364599230,,
222.100,96.07,23.46,45.00,86.75,22.19,44.44,41.28,7.61,7.06,0.364793324,,
224.100,96.14,23.45,45.09,86.84,22.18,44.54,41.26,7.60,7.02,0.363857775,,
226.100,96.22,23.49,45.13,86.93,22.22,44.58,41.24,7.60,7.03,0.363468419,,
228.100,96.26,23.49,45.20,86.96,22.22,44.65,41.28,7.63,7.02,0.363576676,,
230.100,96.35,23.53,45.28,87.07,22.24,44.73,41.26,7.66,7.04,0.363275773,,
232.100,96.38,23.56,45.30,87.10,22.30,44.76,41.27,7.63,7.02,0.362681629,,
234.100,96.44,23.58,45.31,87.16,22.31,44.76,41.29,7.63,7.07,0.363055177,,
236.100,96.50,23.60,45.44,87.24,22.34,44.90,41.26,7.63,6.97,0.361613154,,
238.100,96.55,23.63,45.52,87.29,22.36,44.98,41.27,7.64,7.03,0.361766798,,
240.100,96.60,23.66,45.61,87.33,22.40,45.06,41.28,7.62,7.01,0.361205504,,
242.100,96.62,23.67,45.67,87.34,22.42,45.13,41.31,7.62,7.00,0.361082058,,
244.100,96.66,23.69,45.77,87.39,22.44,45.23,41.31,7.60,6.98,0.360402425,,
246.100,96.73,23.71,45.87,87.47,22.46,45.33,41.29,7.60,7.01,0.360041221,,
248.100,96.77,23.72,45.92,87.52,22.47,45.38,41.29,7.61,7.01,0.359844243,,
250.100,96.82,23.74,46.00,87.56,22.48,45.46,41.31,7.62,7.01,0.359736334,,
252.100,118.80,24.13,30.63,99.52,20.22,26.71,64.87,13.17,14.99,0.635233868,,
254.100,67.30,11.25,5.09,54.82,8.22,2.75,39.04,7.68,4.28,0.775202165,,
256.100,51.87,8.58,4.21,39.08,5.58,1.84,34.11,6.52,3.78,0.954950112,,
258.100,49.30,7.69,3.91,37.72,4.99,1.61,31.75,5.85,3.56,0.928785793,,
260.100,48.79,7.58,4.67,37.28,4.84,1.85,31.47,5.83,4.29,0.945563691,,
262.100,49.38,7.67,4.66,37.43,4.89,1.86,32.20,5.92,4.27,0.959589785,,
264.100,49.22,7.68,4.57,37.33,4.91,1.81,32.08,5.91,4.20,0.957746799,,
266.100,49.15,7.69,4.56,37.26,4.92,1.80,32.06,5.90,4.19,0.958411969,,
268.100,49.09,7.70,4.55,37.22,4.95,1.78,32.02,5.90,4.18,0.958130433,,
270.100,49.05,7.72,4.54,37.17,4.97,1.77,31.99,5.91,4.18,0.958341875,,
272.100,49.01,7.74,4.53,37.14,4.99,1.76,31.97,5.91,4.18,0.958324789,,
274.100,48.98,7.75,4.53,37.12,5.02,1.75,31.96,5.91,4.18,0.958340930,,
276.100,48.96,7.77,4.53,37.10,5.04,1.74,31.95,5.92,4.18,0.958358025,,
278.100,48.94,7.79,4.53,37.08,5.06,1.73,31.94,5.92,4.19,0.958470095,,
280.100,48.92,7.81,4.55,37.07,5.08,1.74,31.93,5.93,4.20,0.958370360,,
282.100,48.90,7.82,4.56,37.05,5.10,1.74,31.92,5.93,4.22,0.958489018,,
284.100,48.90,7.84,4.58,37.05,5.13,1.74,31.91,5.94,4.23,0.958148325,,
286.100,48.89,7.86,4.59,37.04,5.15,1.75,31.91,5.94,4.25,0.958212896,,
288.100,48.88,7.89,4.61,37.03,5.17,1.76,31.90,5.95,4.26,0.958005369,,
290.100,48.87,7.91,4.63,37.03,5.20,1.76,31.90,5.96,4.28,0.957853100,,
292.100,48.87,7.93,4.65,37.03,5.22,1.78,31.89,5.97,4.29,0.957474842,,
294.100,48.87,7.95,4.66,37.03,5.24,1.79,31.89,5.98,4.30,0.957210633,,
296.100,48.86,7.97,4.67,37.03,5.26,1.79,31.88,5.98,4.31,0.956740694,,
298.100,48.86,7.98,4.69,37.02,5.28,1.80,31.88,5.99,4.33,0.956801742,,
300.100,48.86,8.00,4.70,37.02,5.30,1.81,31.88,6.00,4.34,0.956623229,,
302.200,77.68,13.23,4.91,44.19,12.94,2.98,63.89,2.77,3.90,1.173909427,,
304.200,60.80,8.18,2.92,54.23,7.88,1.46,27.48,2.18,2.53,0.506425886,,
306.200,,,,,,,,,,,,
308.200,,,,,,,,,,,,
310.200,,,,,,,,,,,,
312.200,,23.31,48.39,,20.33,47.47,,11.41,9.41,0.307138643,,
314.200,92.36,23.99,49.36,81.45,21.89,48.63,43.56,9.82,8.45,0.406850036,,
316.200,92.96,24.33,49.87,82.62,22.51,49.19,42.62,9.23,8.21,0.389132970,,
318.200,93.37,24.56,50.24,83.37,22.92,49.66,42.05,8.83,7.63,0.375171529,,
320.200,93.59,24.69,50.45,83.62,23.11,49.86,42.02,8.70,7.71,0.373146433,,
322.200,94.01,24.80,50.67,84.15,23.24,50.08,41.91,8.64,7.73,0.370114943,,
324.200,94.34,24.90,50.86,84.57,23.38,50.27,41.81,8.57,7.76,0.367469346,,
326.200,94.63,24.99,51.03,84.93,23.49,50.44,41.74,8.54,7.75,0.365233539,,
328.200,94.88,25.09,51.20,85.23,23.61,50.61,41.68,8.47,7.73,0.363022891,,
330.200,95.07,25.13,51.34,85.46,23.66,50.75,41.65,8.45,7.73,0.361768937,,
332.200,95.24,25.18,51.46,85.66,23.73,50.88,41.63,8.44,7.72,0.360585262,,
334.200,95.42,25.24,51.56,85.87,23.80,50.98,41.60,8.39,7.71,0.359122316,,
336.200,95.61,25.26,51.65,86.10,23.83,51.07,41.56,8.38,7.71,0.358049689,,
338.200,95.73,25.30,51.73,86.25,23.88,51.16,41.55,8.34,7.70,0.357058714,,
340.200,95.90,25.33,51.82,86.45,23.92,51.24,41.50,8.33,7.72,0.356079451,,
342.200,95.99,25.35,51.90,86.56,23.95,51.32,41.51,8.30,7.73,0.355539764,,
344.200,96.08,25.41,51.98,86.64,24.02,51.41,41.51,8.29,7.67,0.354593694,,
346.200,96.18,25.47,52.08,86.76,24.09,51.52,41.51,8.27,7.63,0.353581327,,
348.200,96.29,25.50,52.21,86.89,24.12,51.65,41.49,8.27,7.64,0.352889463,,
350.200,96.41,25.53,52.33,87.03,24.16,51.76,41.48,8.27,7.68,0.352414851,,
352.200,96.49,25.57,52.39,87.13,24.20,51.83,41.46,8.24,7.68,0.351679333,,
354.200,96.56,25.58,52.47,87.20,24.22,51.90,41.46,8.24,7.68,0.351340926,,
356.200,96.59,25.60,52.53,87.22,24.23,51.96,41.49,8.25,7.73,0.351685943,,
358.200,96.69,25.65,52.59,87.36,24.29,52.02,41.45,8.24,7.70,0.350620150,,
360.200,96.78,25.66,52.65,87.46,24.31,52.08,41.44,8.23,7.70,0.350106805,,
362.200,96.90,25.69,52.72,87.60,24.35,52.17,41.41,8.20,7.59,0.348501097,,
364.200,96.96,25.71,52.75,87.68,24.37,52.20,41.41,8.19,7.63,0.348414003,,
366.200,96.98,25.74,52.80,87.68,24.41,52.24,41.44,8.19,7.62,0.348384349,,
368.200,97.10,25.79,52.82,87.84,24.46,52.27,41.38,8.18,7.57,0.347159264,,
370.200,97.13,25.80,52.83,87.85,24.47,52.29,41.42,8.19,7.58,0.347427252,,
372.200,97.14,25.81,52.85,87.85,24.47,52.31,41.44,8.19,7.58,0.347506530,,
374.200,97.21,25.83,52.88,87.93,24.50,52.34,41.44,8.17,7.59,0.347144504,,
376.200,97.22,25.86,52.90,87.92,24.54,52.36,41.49,8.16,7.58,0.347263682,,
378.200,97.27,25.88,52.94,87.99,24.55,52.38,41.48,8.19,7.67,0.347665535,,
380.200,97.38,25.91,52.98,88.12,24.59,52.42,41.44,8.17,7.66,0.346817659,,
382.200,97.44,25.93,53.03,88.19,24.61,52.48,41.43,8.16,7.62,0.346151985,,
384.200,97.42,25.95,53.07,88.14,24.64,52.53,41.49,8.14,7.54,0.345835098,,
386.200,97.52,25.97,53.11,88.28,24.66,52.58,41.43,8.15,7.50,0.344840503,,
388.200,97.55,25.99,53.15,88.29,24.68,52.62,41.48,8.15,7.50,0.345032913,,
390.200,97.59,26.01,53.18,88.35,24.70,52.65,41.47,8.16,7.51,0.344803862,,
392.200,97.63,26.02,53.21,88.38,24.71,52.68,41.48,8.16,7.53,0.344863365,,
394.200,97.68,26.05,53.25,88.43,24.73,52.72,41.48,8.17,7.55,0.344845672,,
396.200,97.70,26.06,53.29,88.46,24.75,52.75,41.49,8.17,7.59,0.344938539,,
398.200,97.79,26.08,53.32,88.56,24.77,52.79,41.46,8.16,7.54,0.344088611,,
400.200,97.81,26.10,53.34,88.59,24.80,52.81,41.47,8.15,7.54,0.343916968,,
402.200,121.10,26.52,36.52,101.70,22.30,32.25,65.77,14.35,17.14,0.622464000,,
404.200,69.23,12.03,5.21,56.85,8.98,2.61,39.51,8.01,4.51,0.760239643,,
406.200,53.52,9.27,4.48,40.66,6.23,1.79,34.80,6.87,4.11,0.940261714,,
408.200,50.81,8.31,4.24,39.20,5.60,1.59,32.33,6.15,3.93,0.914241366,,
410.200,50.15,8.19,5.42,38.64,5.42,1.92,31.97,6.14,5.07,0.939020943,,
412.200,50.64,8.27,5.36,38.70,5.44,1.94,32.66,6.23,4.99,0.952321014,,
414.200,50.44,8.27,5.26,38.54,5.45,1.93,32.54,6.22,4.89,0.950586903,,
416.200,50.35,8.27,5.28,38.43,5.46,1.96,32.53,6.21,4.90,0.951632248,,
418.200,50.27,8.28,5.28,38.36,5.48,1.99,32.50,6.21,4.89,0.951319034,,
420.200,50.21,8.29,5.28,38.29,5.50,2.01,32.48,6.21,4.88,0.951199808,,
422.200,50.16,8.30,5.27,38.25,5.52,2.03,32.46,6.21,4.86,0.950433435,,
424.200,50.12,8.32,5.25,38.21,5.53,2.05,32.44,6.21,4.84,0.949620021,,
426.200,50.08,8.33,5.24,38.17,5.55,2.07,32.43,6.21,4.81,0.949024832,,
428.200,50.05,8.35,5.22,38.14,5.57,2.08,32.42,6.21,4.79,0.948241974,,
430.200,50.02,8.36,5.20,38.11,5.59,2.09,32.41,6.22,4.76,0.947477615,,
432.200,50.00,8.37,5.17,38.08,5.61,2.10,32.40,6.22,4.73,0.946689089,,
434.200,49.98,8.39,5.15,38.06,5.62,2.11,32.39,6.23,4.70,0.945778923,,
436.200,49.96,8.40,5.12,38.04,5.64,2.12,32.38,6.23,4.66,0.944799878,,
438.200,49.94,8.42,5.09,38.02,5.66,2.12,32.37,6.23,4.63,0.943926458,,
440.200,49.93,8.44,5.06,38.01,5.68,2.12,32.37,6.24,4.60,0.943155275,,
442.200,49.91,8.45,5.05,38.00,5.69,2.13,32.36,6.24,4.58,0.942279155,,
444.200,49.90,8.46,5.03,37.98,5.71,2.14,32.36,6.25,4.56,0.941913241,,
446.200,49.89,8.48,5.02,37.97,5.73,2.14,32.35,6.25,4.54,0.941140538,,
448.200,49.88,8.49,5.00,37.96,5.75,2.14,32.35,6.26,4.52,0.940606801,,
450.200,49.87,8.51,4.99,37.95,5.76,2.15,32.35,6.26,4.50,0.940098999,,
452.200,74.91,14.97,5.56,41.87,14.55,4.46,62.12,3.53,3.32,1.132830722,,
454.200,59.77,9.02,3.38,52.57,8.65,2.31,28.46,2.55,2.47,0.526948747,,
456.200,,,,,,,,,,,,
458.200,,,,,,,,,,,,
460.200,,,,,,,,,,,,
462.200,,25.45,47.82,,22.24,46.78,,12.36,9.93,0.322906404,,
464.200,93.88,26.08,48.85,82.69,23.82,48.05,44.45,10.61,8.78,0.413062888,,
466.200,94.74,26.50,49.46,84.31,24.58,48.78,43.22,9.92,8.19,0.388983320,,
468.200,95.18,26.77,49.85,85.14,25.02,49.28,42.56,9.50,7.50,0.373557451,,
470.200,95.38,26.86,50.03,85.36,25.17,49.46,42.56,9.39,7.53,0.371754485,,
472.200,95.71,26.96,50.21,85.76,25.30,49.64,42.49,9.30,7.55,0.369247044,,
474.200,96.09,27.06,50.37,86.24,25.44,49.80,42.39,9.22,7.56,0.366404508,,
476.200,96.34,27.14,50.51,86.54,25.55,49.94,42.33,9.17,7.54,0.364407826,,
478.200,96.61,27.24,50.68,86.88,25.66,50.12,42.26,9.14,7.54,0.362301734,,
480.200,96.83,27.31,50.79,87.15,25.76,50.23,42.21,9.06,7.51,0.360297904,,
482.200,97.03,27.36,50.89,87.38,25.82,50.33,42.18,9.04,7.50,0.359065615,,
484.200,97.13,27.42,50.99,87.49,25.89,50.44,42.18,9.02,7.51,0.358362837,,
486.200,97.30,27.46,51.13,87.69,25.95,50.58,42.15,8.99,7.49,0.357039337,,
488.200,97.47,27.49,51.23,87.90,25.99,50.69,42.11,8.96,7.47,0.355699356,,
490.200,97.63,27.54,51.28,88.11,26.05,50.72,42.06,8.93,7.54,0.354967249,,
492.200,97.72,27.58,51.31,88.20,26.09,50.75,42.07,8.95,7.52,0.354720068,,
494.200,97.81,27.60,51.36,88.30,26.12,50.81,42.09,8.92,7.53,0.354312171,,
496.200,97.91,27.68,51.45,88.41,26.20,50.90,42.08,8.93,7.51,0.353543593,,
498.200,98.03,27.73,51.50,88.55,26.27,50.96,42.06,8.90,7.50,0.352629992,,
500.200,98.09,27.75,51.59,88.61,26.29,51.04,42.07,8.89,7.52,0.352410510,,
502.200,98.21,27.77,51.66,88.76,26.31,51.11,42.04,8.89,7.50,0.351564569,,
504.200,98.20,27.80,51.67,88.72,26.36,51.12,42.09,8.85,7.55,0.351931408,,
506.200,98.34,27.82,51.75,88.90,26.38,51.21,42.03,8.84,7.50,0.350573608,,
508.200,98.38,27.83,51.83,88.94,26.39,51.29,42.05,8.83,7.52,0.350486136,,
510.200,98.48,27.85,51.90,89.07,26.41,51.35,42.02,8.83,7.54,0.349973026,,
512.200,98.48,27.86,51.93,89.04,26.43,51.38,42.07,8.81,7.54,0.350104885,,
514.200,98.57,27.89,51.95,89.15,26.47,51.41,42.05,8.80,7.49,0.349284560,,
516.200,98.66,27.92,51.99,89.26,26.50,51.45,42.02,8.80,7.53,0.348932480,,
518.200,98.73,27.95,52.03,89.36,26.53,51.49,42.00,8.79,7.51,0.348261441,,
520.200,98.73,27.98,52.06,89.33,26.56,51.51,42.05,8.79,7.54,0.348709677,,
522.200,98.80,28.01,52.10,89.40,26.60,51.56,42.05,8.79,7.52,0.348269277,,
524.200,98.88,28.04,52.14,89.51,26.63,51.61,42.02,8.77,7.47,0.347332340,,
526.200,98.92,28.06,52.12,89.54,26.64,51.57,42.03,8.80,7.49,0.347666170,,
528.200,98.97,28.09,52.11,89.61,26.67,51.56,42.02,8.82,7.50,0.347581030,,
530.200,98.97,28.11,52.16,89.58,26.70,51.62,42.07,8.79,7.48,0.347516379,,
532.200,99.01,28.10,52.18,89.62,26.69,51.64,42.09,8.79,7.50,0.347615362,,
534.200,99.08,28.14,52.23,89.72,26.73,51.68,42.05,8.78,7.53,0.347118301,,
536.200,99.17,28.15,52.25,89.83,26.74,51.71,42.01,8.80,7.51,0.346523651,,
538.200,99.17,28.18,52.30,89.81,26.78,51.76,42.05,8.79,7.49,0.346438966,,
540.200,99.25,28.20,52.30,89.92,26.81,51.77,42.02,8.77,7.48,0.345810089,,
542.200,99.27,28.21,52.30,89.93,26.82,51.75,42.04,8.76,7.53,0.346142433,,
544.200,99.31,28.22,52.32,89.97,26.83,51.78,42.04,8.75,7.45,0.345485823,,
546.200,99.31,28.23,52.33,89.96,26.84,51.79,42.08,8.74,7.46,0.345708524,,
548.200,99.38,28.25,52.38,90.04,26.85,51.85,42.07,8.77,7.47,0.345567145,,
550.200,99.46,28.27,52.37,90.14,26.88,51.84,42.03,8.76,7.47,0.345013621,,
552.200,122.50,28.35,36.81,102.90,23.88,32.46,66.49,15.28,17.38,0.622645064,,
554.200,70.85,12.64,6.20,58.50,9.58,3.74,39.97,8.26,4.95,0.740350877,,
556.200,54.16,9.75,5.08,41.36,6.69,2.59,34.96,7.10,4.37,0.916946474,,
558.200,51.49,8.76,4.54,39.87,6.04,2.20,32.58,6.35,3.97,0.891776152,,
560.200,50.88,8.66,5.38,39.36,5.86,2.48,32.25,6.37,4.78,0.909963935,,
562.200,51.50,8.75,5.39,39.48,5.87,2.46,33.07,6.49,4.80,0.927791491,,
564.200,51.28,8.75,5.29,39.30,5.89,2.40,32.94,6.48,4.72,0.927355636,,
566.200,51.18,8.75,5.28,39.18,5.90,2.40,32.93,6.46,4.71,0.928928022,,
568.200,51.10,8.76,5.26,39.10,5.91,2.39,32.90,6.46,4.69,0.929344501,,
570.200,51.03,8.77,5.24,39.03,5.93,2.38,32.88,6.46,4.67,0.929630725,,
572.200,50.98,8.78,5.21,38.97,5.95,2.37,32.86,6.46,4.64,0.929805638,,
574.200,50.93,8.79,5.19,38.92,5.96,2.36,32.84,6.46,4.62,0.929787054,,
576.200,50.89,8.81,5.17,38.88,5.98,2.35,32.83,6.46,4.60,0.929786288,,
578.200,50.85,8.82,5.15,38.84,6.00,2.34,32.82,6.47,4.58,0.929703726,,
580.200,50.82,8.84,5.12,38.81,6.02,2.34,32.80,6.47,4.56,0.929124176,,
582.200,50.79,8.85,5.09,38.78,6.04,2.33,32.80,6.47,4.53,0.928968355,,
584.200,50.76,8.87,5.07,38.75,6.06,2.32,32.79,6.47,4.50,0.928642662,,
586.200,50.73,8.88,5.04,38.72,6.08,2.32,32.78,6.48,4.48,0.928362201,,
588.200,50.71,8.90,5.02,38.70,6.10,2.31,32.77,6.48,4.46,0.927926972,,
590.200,50.69,8.91,5.00,38.68,6.11,2.30,32.76,6.48,4.44,0.927550695,,
592.200,50.68,8.93,4.98,38.67,6.13,2.29,32.76,6.49,4.42,0.927230645,,
594.200,50.66,8.94,4.96,38.64,6.15,2.29,32.75,6.49,4.40,0.927090415,,
596.200,50.65,8.95,4.93,38.63,6.16,2.28,32.75,6.50,4.38,0.926727709,,
598.200,50.63,8.97,4.91,38.62,6.18,2.27,32.75,6.50,4.35,0.926305950,,
600.200,50.62,8.99,4.89,38.60,6.20,2.27,32.74,6.51,4.33,0.925889727,,
602.200,72.71,16.00,6.05,40.02,15.24,5.51,60.70,4.87,2.50,1.120102032,,
604.200,57.55,9.57,3.78,50.47,9.27,2.99,27.65,2.37,2.31,0.515310433,,
606.200,,,,,,,,,,,,
608.200,,,,,,,,,,,,
610.200,,,,,,,,,,,,
612.200,91.28,,48.91,73.24,,47.87,54.47,,10.04,0.532656263,,
614.200,94.36,27.81,50.04,83.41,25.43,49.33,44.14,11.26,8.41,0.403401404,,
616.200,94.99,28.26,50.56,84.61,26.24,49.91,43.19,10.50,8.06,0.384094302,,
618.200,95.39,28.55,50.94,85.34,26.73,50.37,42.63,10.01,7.60,0.370813839,,
620.200,95.60,28.68,51.08,85.58,26.93,50.51,42.62,9.86,7.59,0.368506932,,
622.200,95.92,28.75,51.17,85.97,27.03,50.60,42.54,9.78,7.61,0.366301956,,
624.200,96.25,28.78,51.25,86.39,27.12,50.69,42.44,9.63,7.57,0.363209501,,
626.200,96.57,28.78,51.33,86.79,27.15,50.77,42.34,9.54,7.56,0.360870621,,
628.200,96.85,28.85,51.39,87.14,27.25,50.83,42.27,9.49,7.58,0.359175645,,
630.200,97.03,28.90,51.47,87.36,27.31,50.92,42.23,9.46,7.54,0.357684643,,
632.200,97.23,28.97,51.51,87.60,27.39,50.95,42.19,9.43,7.57,0.356695191,,
634.200,97.42,29.01,51.59,87.84,27.44,51.04,42.12,9.39,7.49,0.354755892,,
636.200,97.57,29.05,51.64,88.02,27.51,51.08,42.10,9.34,7.52,0.353880319,,
638.200,97.64,29.06,51.68,88.09,27.52,51.13,42.12,9.33,7.53,0.353688377,,
640.200,97.75,29.12,51.72,88.22,27.59,51.17,42.12,9.32,7.53,0.353138100,,
642.200,97.82,29.16,51.76,88.28,27.64,51.21,42.13,9.30,7.51,0.352605756,,
644.200,98.02,29.21,51.79,88.54,27.70,51.24,42.06,9.29,7.49,0.351277765,,
646.200,98.16,29.26,51.81,88.72,27.77,51.27,42.00,9.24,7.49,0.350023844,,
648.200,98.22,29.30,51.83,88.78,27.81,51.28,42.01,9.22,7.50,0.349883839,,
650.200,98.27,29.33,51.86,88.83,27.85,51.32,42.01,9.21,7.49,0.349476190,,
652.200,98.38,29.38,51.89,88.97,27.90,51.35,41.99,9.20,7.49,0.348781358,,
654.200,98.47,29.42,51.94,89.07,27.94,51.40,41.98,9.20,7.50,0.348393801,,
656.200,98.52,29.44,52.03,89.12,27.97,51.48,42.00,9.18,7.49,0.348051255,,
658.200,98.60,29.44,52.08,89.22,27.98,51.54,41.98,9.18,7.46,0.347380586,,
660.200,98.67,29.49,52.11,89.29,28.04,51.58,41.97,9.14,7.42,0.346468534,,
662.200,98.72,29.53,52.13,89.36,28.08,51.59,41.97,9.12,7.46,0.346405963,,
664.200,98.78,29.55,52.12,89.41,28.10,51.59,41.98,9.14,7.44,0.346309876,,
666.200,98.84,29.57,52.13,89.48,28.13,51.60,41.98,9.12,7.46,0.346126115,,
668.200,98.88,29.58,52.13,89.53,28.13,51.60,41.99,9.15,7.45,0.346112490,,
670.200,98.97,29.58,52.17,89.63,28.13,51.63,41.96,9.16,7.48,0.345935415,,
672.200,99.03,29.62,52.20,89.71,28.17,51.67,41.95,9.15,7.46,0.345414332,,
674.200,99.05,29.65,52.24,89.73,28.21,51.71,41.96,9.11,7.46,0.344986737,,
676.200,99.10,29.68,52.27,89.79,28.24,51.73,41.94,9.11,7.49,0.344810320,,
678.200,99.17,29.69,52.31,89.86,28.26,51.78,41.95,9.09,7.41,0.344072984,,
680.200,99.20,29.71,52.34,89.88,28.28,51.81,41.98,9.10,7.43,0.344225452,,
682.200,99.22,29.75,52.38,89.89,28.32,51.86,42.01,9.11,7.35,0.343770212,,
684.200,99.27,29.78,52.38,89.96,28.35,51.86,41.99,9.12,7.38,0.343732738,,
686.200,99.32,29.81,52.42,90.02,28.39,51.91,41.98,9.09,7.35,0.342960310,,
688.200,99.38,29.81,52.43,90.09,28.39,51.90,41.96,9.09,7.40,0.343021481,,
690.200,99.43,29.81,52.45,90.15,28.38,51.92,41.96,9.10,7.41,0.343021414,,
692.200,99.47,29.83,52.46,90.19,28.41,51.93,41.96,9.09,7.43,0.342907406,,
694.200,99.48,29.85,52.46,90.18,28.43,51.93,41.99,9.09,7.43,0.343074938,,
696.200,99.55,29.90,52.48,90.27,28.49,51.95,41.97,9.07,7.42,0.342446254,,
698.200,99.59,29.92,52.46,90.31,28.51,51.93,41.97,9.09,7.42,0.342442167,,
700.200,99.59,29.94,52.47,90.31,28.53,51.94,41.98,9.08,7.39,0.342229769,,
702.200,124.20,29.90,37.33,104.40,25.24,33.02,67.17,16.03,17.41,0.618529448,,
704.200,72.03,13.26,5.54,59.64,10.15,3.50,40.40,8.53,4.30,0.726326274,,
706.200,55.05,10.29,4.60,42.20,7.17,2.53,35.36,7.37,3.84,0.897346974,,
708.200,52.33,9.25,4.15,40.63,6.49,2.25,32.98,6.59,3.49,0.872166744,,
710.200,51.63,9.11,5.08,40.03,6.28,2.54,32.61,6.61,4.40,0.893083821,,
712.200,52.21,9.20,5.09,40.12,6.27,2.51,33.41,6.73,4.43,0.911388781,,
714.200,51.97,9.20,5.02,39.92,6.29,2.46,33.28,6.72,4.38,0.911941801,,
716.200,51.87,9.20,5.04,39.79,6.30,2.45,33.28,6.71,4.40,0.914445223,,
718.200,51.78,9.21,5.05,39.70,6.32,2.45,33.24,6.70,4.41,0.915215418,,
720.200,51.70,9.22,5.04,39.62,6.33,2.44,33.22,6.70,4.41,0.916020912,,
722.200,51.64,9.23,5.03,39.55,6.35,2.44,33.20,6.70,4.40,0.916578735,,
724.200,51.59,9.24,5.02,39.50,6.37,2.43,33.19,6.70,4.39,0.916985899,,
726.200,51.54,9.26,5.01,39.44,6.38,2.42,33.17,6.70,4.38,0.917412935,,
728.200,51.50,9.27,4.99,39.40,6.40,2.41,33.16,6.71,4.37,0.917612163,,
730.200,51.46,9.28,4.98,39.36,6.42,2.40,33.15,6.71,4.36,0.917787464,,
732.200,51.43,9.30,4.96,39.33,6.43,2.40,33.14,6.71,4.34,0.917751614,,
734.200,51.40,9.32,4.94,39.29,6.45,2.39,33.13,6.72,4.33,0.917889050,,
736.200,51.37,9.33,4.92,39.27,6.47,2.38,33.12,6.72,4.31,0.917636545,,
738.200,51.35,9.35,4.90,39.24,6.49,2.37,33.11,6.73,4.29,0.917557284,,
740.200,51.32,9.36,4.88,39.22,6.50,2.36,33.10,6.73,4.27,0.917306212,,
742.200,51.30,9.37,4.86,39.20,6.52,2.35,33.10,6.74,4.26,0.917283848,,
744.200,51.29,9.39,4.84,39.18,6.54,2.34,33.09,6.74,4.24,0.917016938,,
746.200,51.27,9.40,4.82,39.16,6.55,2.33,33.09,6.74,4.22,0.916975399,,
748.200,51.25,9.42,4.81,39.14,6.57,2.32,33.09,6.75,4.21,0.917015385,,
750.200,51.24,9.43,4.79,39.13,6.59,2.32,33.08,6.75,4.20,0.916659727,,
752.200,78.36,17.16,6.03,43.95,16.06,5.72,64.88,6.02,1.91,1.107699798,,
754.200,65.09,10.19,3.85,56.41,9.91,3.27,32.48,2.37,2.03,0.530072000,,
756.200,,49.29,,,,,,,,,,
758.200,,,,,,,,,,,,
760.200,,,,,,,,,,,,
762.200,92.08,,46.88,73.24,,45.78,55.80,,10.13,0.553940514,,
764.200,95.54,28.59,48.13,84.16,26.17,47.38,45.23,11.52,8.48,0.413588232,,
766.200,96.75,29.09,48.86,86.26,27.03,48.20,43.81,10.75,7.99,0.387355254,,
768.200,97.36,29.40,49.34,87.30,27.55,48.79,43.09,10.25,7.39,0.371119531,,
770.200,97.54,29.54,49.51,87.51,27.76,48.96,43.09,10.10,7.37,0.368763320,,
772.200,97.84,29.62,49.65,87.85,27.88,49.11,43.05,10.03,7.32,0.366391653,,
774.200,98.16,29.79,49.75,88.26,28.08,49.22,42.97,9.95,7.30,0.363723122,,
776.200,98.43,29.96,49.81,88.58,28.29,49.27,42.92,9.88,7.32,0.361839413,,
778.200,98.73,30.06,49.91,88.96,28.40,49.38,42.81,9.84,7.29,0.359457839,,
780.200,98.88,30.14,50.03,89.14,28.51,49.50,42.81,9.77,7.25,0.357906072,,
782.200,99.06,30.17,50.07,89.35,28.55,49.53,42.76,9.75,7.30,0.357247805,,
784.200,99.24,30.22,50.14,89.57,28.62,49.60,42.73,9.71,7.29,0.355980690,,
786.200,99.39,30.28,50.21,89.74,28.69,49.68,42.71,9.71,7.23,0.354839093,,
788.200,99.50,30.35,50.27,89.87,28.77,49.75,42.71,9.66,7.22,0.353851179,,
790.200,99.62,30.40,50.33,90.01,28.83,49.82,42.68,9.65,7.18,0.352834104,,
792.200,99.75,30.46,50.37,90.18,28.89,49.85,42.64,9.63,7.20,0.352077907,,
794.200,99.88,30.48,50.42,90.33,28.93,49.91,42.63,9.59,7.17,0.351090619,,
796.200,99.95,30.49,50.43,90.41,28.94,49.91,42.63,9.58,7.19,0.350957107,,
798.200,100.00,30.52,50.45,90.47,28.99,49.93,42.64,9.57,7.18,0.350575595,,
800.200,100.10,30.56,50.48,90.61,29.03,49.96,42.60,9.54,7.21,0.349976415,,
802.200,100.20,30.59,50.49,90.63,29.08,49.97,42.64,9.52,7.21,0.349870344,,
804.200,100.30,30.62,50.52,90.78,29.11,50.01,42.58,9.50,7.14,0.348534432,,
806.200,100.30,30.65,50.50,90.80,29.15,49.99,42.61,9.49,7.16,0.348723079,,
808.200,100.40,30.68,50.51,90.94,29.17,50.00,42.58,9.51,7.18,0.348392217,,
810.200,100.40,30.72,50.55,90.96,29.21,50.04,42.60,9.51,7.12,0.347999530,,
812.200,100.50,30.75,50.57,90.97,29.25,50.06,42.64,9.49,7.16,0.348161851,,
814.200,100.60,30.78,50.60,91.14,29.29,50.09,42.57,9.47,7.14,0.347091250,,
816.200,100.60,30.82,50.65,91.17,29.33,50.15,42.59,9.45,7.15,0.346879578,,
818.200,100.70,30.83,50.66,91.21,29.35,50.15,42.60,9.45,7.14,0.346699080,,
820.200,100.70,30.84,50.65,91.27,29.36,50.14,42.59,9.43,7.14,0.346425016,,
822.200,100.80,30.89,50.61,91.33,29.42,50.10,42.58,9.41,7.14,0.346052092,,
824.200,100.80,30.91,50.64,91.31,29.44,50.13,42.62,9.43,7.13,0.346295646,,
826.200,100.80,30.92,50.65,91.41,29.45,50.14,42.60,9.43,7.16,0.346163743,,
828.200,100.90,30.94,50.65,91.46,29.47,50.14,42.60,9.43,7.16,0.345969486,,
830.200,101.00,30.98,50.65,91.56,29.52,50.14,42.57,9.42,7.17,0.345537904,,
832.200,101.00,31.02,50.67,91.57,29.56,50.16,42.58,9.40,7.15,0.345174850,,
834.200,101.00,31.03,50.66,91.59,29.57,50.15,42.60,9.39,7.14,0.345169576,,
836.200,101.10,31.05,50.68,91.64,29.60,50.18,42.59,9.38,7.12,0.344703068,,
838.200,101.10,31.05,50.69,91.68,29.59,50.19,42.60,9.41,7.14,0.344972588,,
840.200,101.10,31.07,50.68,91.67,29.62,50.18,42.62,9.40,7.11,0.344835831,,
842.200,101.20,31.09,50.67,91.80,29.64,50.16,42.57,9.38,7.12,0.344242424,,
844.200,101.20,31.11,50.66,91.82,29.66,50.16,42.59,9.39,7.14,0.344401072,,
846.200,101.30,31.15,50.69,91.92,29.70,50.18,42.55,9.38,7.13,0.343766007,,
848.200,101.30,31.14,50.66,91.89,29.69,50.16,42.61,9.38,7.12,0.344177245,,
850.200,101.30,31.15,50.66,91.92,29.70,50.17,42.60,9.39,7.04,0.343593923,,
852.300,124.70,31.44,36.45,104.90,26.59,32.43,67.48,16.78,16.63,0.615483163,,
854.300,73.11,13.82,5.19,60.79,10.67,3.19,40.62,8.80,4.09,0.716813804,,
856.300,55.50,10.80,4.29,42.59,7.62,2.31,35.58,7.65,3.62,0.892068933,,
858.300,52.77,9.71,3.84,41.03,6.91,2.03,33.18,6.83,3.25,0.865662084,,
860.300,52.11,9.56,4.72,40.48,6.67,2.35,32.81,6.85,4.10,0.884022545,,
862.300,52.79,9.63,4.73,40.61,6.65,2.33,33.72,6.96,4.12,0.903333132,,
864.300,52.54,9.63,4.68,40.40,6.66,2.30,33.58,6.96,4.08,0.903808752,,
866.300,52.43,9.63,4.70,40.26,6.68,2.30,33.58,6.95,4.10,0.906332507,,
868.300,52.33,9.64,4.72,40.17,6.69,2.30,33.54,6.94,4.12,0.907223205,,
870.300,52.26,9.65,4.72,40.08,6.71,2.30,33.52,6.94,4.13,0.908475958,,
872.300,52.19,9.66,4.72,40.02,6.72,2.29,33.51,6.94,4.13,0.909216994,,
874.300,52.13,9.67,4.72,39.95,6.74,2.28,33.49,6.94,4.13,0.909900343,,
876.300,52.09,9.68,4.71,39.90,6.75,2.28,33.47,6.94,4.13,0.910196407,,
878.300,52.04,9.70,4.71,39.86,6.77,2.27,33.46,6.94,4.12,0.910514907,,
880.300,52.00,9.71,4.70,39.82,6.79,2.27,33.45,6.95,4.12,0.910856044,,
882.300,51.97,9.73,4.71,39.78,6.81,2.26,33.44,6.95,4.12,0.911238485,,
884.300,51.94,9.74,4.70,39.75,6.82,2.26,33.43,6.95,4.13,0.911507506,,
886.300,51.91,9.76,4.70,39.72,6.84,2.25,33.42,6.96,4.13,0.911774950,,
888.300,51.88,9.77,4.70,39.68,6.86,2.24,33.41,6.96,4.13,0.912294729,,
890.300,51.85,9.79,4.70,39.66,6.88,2.24,33.41,6.96,4.14,0.912613795,,
892.300,51.83,9.80,4.70,39.63,6.90,2.23,33.40,6.97,4.14,0.912872262,,
894.300,51.81,9.82,4.70,39.61,6.91,2.23,33.40,6.98,4.14,0.913186182,,
896.300,51.79,9.84,4.70,39.59,6.93,2.22,33.39,6.98,4.14,0.913270959,,
898.300,51.77,9.85,4.69,39.57,6.95,2.21,33.39,6.99,4.14,0.913456605,,
900.300,51.76,9.87,4.68,39.56,6.96,2.21,33.38,6.99,4.13,0.913193376,,